n_estimators,max_depth,Accuracy,Precision,Recall,R2_Score
70,10,0.8967391304347826,0.9074074074074074,0.9158878504672897,0.5756766597888094
60,10,0.8967391304347826,0.9074074074074074,0.9158878504672897,0.5756766597888094
110,10,0.8913043478260869,0.9142857142857143,0.897196261682243,0.5533438524092731
90,10,0.8913043478260869,0.9142857142857143,0.897196261682243,0.5533438524092731
100,12,0.8913043478260869,0.9142857142857143,0.897196261682243,0.5533438524092731
100,10,0.8913043478260869,0.9142857142857143,0.897196261682243,0.5533438524092731
120,10,0.8913043478260869,0.9142857142857143,0.897196261682243,0.5533438524092731
80,10,0.8913043478260869,0.9142857142857143,0.897196261682243,0.5533438524092731
120,28,0.8858695652173914,0.9134615384615384,0.8878504672897196,0.5310110450297367
120,27,0.8858695652173914,0.9134615384615384,0.8878504672897196,0.5310110450297367
120,25,0.8858695652173914,0.9134615384615384,0.8878504672897196,0.5310110450297367
120,24,0.8858695652173914,0.9134615384615384,0.8878504672897196,0.5310110450297367
120,9,0.8858695652173914,0.9056603773584906,0.897196261682243,0.5310110450297367
120,22,0.8858695652173914,0.9134615384615384,0.8878504672897196,0.5310110450297367
120,21,0.8858695652173914,0.9134615384615384,0.8878504672897196,0.5310110450297367
120,29,0.8858695652173914,0.9134615384615384,0.8878504672897196,0.5310110450297367
120,20,0.8858695652173914,0.9134615384615384,0.8878504672897196,0.5310110450297367
120,30,0.8858695652173914,0.9134615384615384,0.8878504672897196,0.5310110450297367
300,22,0.8858695652173914,0.9056603773584906,0.897196261682243,0.5310110450297367
120,19,0.8858695652173914,0.9134615384615384,0.8878504672897196,0.5310110450297367
120,18,0.8858695652173914,0.9134615384615384,0.8878504672897196,0.5310110450297367
120,16,0.8858695652173914,0.9134615384615384,0.8878504672897196,0.5310110450297367
120,23,0.8858695652173914,0.9134615384615384,0.8878504672897196,0.5310110450297367
300,30,0.8858695652173914,0.9056603773584906,0.897196261682243,0.5310110450297367
300,23,0.8858695652173914,0.9056603773584906,0.897196261682243,0.5310110450297367
260,12,0.8858695652173914,0.9056603773584906,0.897196261682243,0.5310110450297367
270,16,0.8858695652173914,0.9056603773584906,0.897196261682243,0.5310110450297367
270,12,0.8858695652173914,0.9056603773584906,0.897196261682243,0.5310110450297367
270,6,0.8858695652173914,0.8981481481481481,0.9065420560747663,0.5310110450297367
300,26,0.8858695652173914,0.9056603773584906,0.897196261682243,0.5310110450297367
90,12,0.8858695652173914,0.9134615384615384,0.8878504672897196,0.5310110450297367
260,17,0.8858695652173914,0.9056603773584906,0.897196261682243,0.5310110450297367
260,16,0.8858695652173914,0.9056603773584906,0.897196261682243,0.5310110450297367
260,6,0.8858695652173914,0.8981481481481481,0.9065420560747663,0.5310110450297367
110,12,0.8858695652173914,0.9134615384615384,0.8878504672897196,0.5310110450297367
300,25,0.8858695652173914,0.9056603773584906,0.897196261682243,0.5310110450297367
100,7,0.8858695652173914,0.9134615384615384,0.8878504672897196,0.5310110450297367
100,9,0.8858695652173914,0.9056603773584906,0.897196261682243,0.5310110450297367
300,24,0.8858695652173914,0.9056603773584906,0.897196261682243,0.5310110450297367
110,7,0.8858695652173914,0.9134615384615384,0.8878504672897196,0.5310110450297367
110,9,0.8858695652173914,0.9056603773584906,0.897196261682243,0.5310110450297367
250,17,0.8858695652173914,0.9056603773584906,0.897196261682243,0.5310110450297367
130,10,0.8858695652173914,0.9134615384615384,0.8878504672897196,0.5310110450297367
300,21,0.8858695652173914,0.9056603773584906,0.897196261682243,0.5310110450297367
80,12,0.8858695652173914,0.9134615384615384,0.8878504672897196,0.5310110450297367
300,18,0.8858695652173914,0.9056603773584906,0.897196261682243,0.5310110450297367
230,25,0.8858695652173914,0.9056603773584906,0.897196261682243,0.5310110450297367
300,17,0.8858695652173914,0.9056603773584906,0.897196261682243,0.5310110450297367
230,24,0.8858695652173914,0.9056603773584906,0.897196261682243,0.5310110450297367
230,23,0.8858695652173914,0.9056603773584906,0.897196261682243,0.5310110450297367
230,22,0.8858695652173914,0.9056603773584906,0.897196261682243,0.5310110450297367
230,21,0.8858695652173914,0.9056603773584906,0.897196261682243,0.5310110450297367
230,20,0.8858695652173914,0.9056603773584906,0.897196261682243,0.5310110450297367
230,19,0.8858695652173914,0.9056603773584906,0.897196261682243,0.5310110450297367
230,18,0.8858695652173914,0.9056603773584906,0.897196261682243,0.5310110450297367
230,16,0.8858695652173914,0.9056603773584906,0.897196261682243,0.5310110450297367
230,12,0.8858695652173914,0.9056603773584906,0.897196261682243,0.5310110450297367
230,10,0.8858695652173914,0.9134615384615384,0.8878504672897196,0.5310110450297367
230,6,0.8858695652173914,0.8981481481481481,0.9065420560747663,0.5310110450297367
220,10,0.8858695652173914,0.9134615384615384,0.8878504672897196,0.5310110450297367
300,16,0.8858695652173914,0.9056603773584906,0.897196261682243,0.5310110450297367
220,6,0.8858695652173914,0.8981481481481481,0.9065420560747663,0.5310110450297367
210,6,0.8858695652173914,0.8981481481481481,0.9065420560747663,0.5310110450297367
170,6,0.8858695652173914,0.8981481481481481,0.9065420560747663,0.5310110450297367
230,26,0.8858695652173914,0.9056603773584906,0.897196261682243,0.5310110450297367
250,16,0.8858695652173914,0.9056603773584906,0.897196261682243,0.5310110450297367
230,27,0.8858695652173914,0.9056603773584906,0.897196261682243,0.5310110450297367
140,9,0.8858695652173914,0.9056603773584906,0.897196261682243,0.5310110450297367
300,20,0.8858695652173914,0.9056603773584906,0.897196261682243,0.5310110450297367
150,9,0.8858695652173914,0.9056603773584906,0.897196261682243,0.5310110450297367
250,12,0.8858695652173914,0.9056603773584906,0.897196261682243,0.5310110450297367
250,10,0.8858695652173914,0.9134615384615384,0.8878504672897196,0.5310110450297367
250,8,0.8858695652173914,0.9056603773584906,0.897196261682243,0.5310110450297367
250,6,0.8858695652173914,0.8981481481481481,0.9065420560747663,0.5310110450297367
300,19,0.8858695652173914,0.9056603773584906,0.897196261682243,0.5310110450297367
160,10,0.8858695652173914,0.9056603773584906,0.897196261682243,0.5310110450297367
240,16,0.8858695652173914,0.9056603773584906,0.897196261682243,0.5310110450297367
240,12,0.8858695652173914,0.9056603773584906,0.897196261682243,0.5310110450297367
240,10,0.8858695652173914,0.9134615384615384,0.8878504672897196,0.5310110450297367
240,8,0.8858695652173914,0.9056603773584906,0.897196261682243,0.5310110450297367
240,6,0.8858695652173914,0.8981481481481481,0.9065420560747663,0.5310110450297367
230,30,0.8858695652173914,0.9056603773584906,0.897196261682243,0.5310110450297367
230,29,0.8858695652173914,0.9056603773584906,0.897196261682243,0.5310110450297367
230,28,0.8858695652173914,0.9056603773584906,0.897196261682243,0.5310110450297367
270,17,0.8858695652173914,0.9056603773584906,0.897196261682243,0.5310110450297367
120,26,0.8858695652173914,0.9134615384615384,0.8878504672897196,0.5310110450297367
280,6,0.8858695652173914,0.8981481481481481,0.9065420560747663,0.5310110450297367
300,6,0.8858695652173914,0.8981481481481481,0.9065420560747663,0.5310110450297367
300,12,0.8858695652173914,0.9056603773584906,0.897196261682243,0.5310110450297367
50,12,0.8858695652173914,0.9134615384615384,0.8878504672897196,0.5310110450297367
300,28,0.8858695652173914,0.9056603773584906,0.897196261682243,0.5310110450297367
290,12,0.8858695652173914,0.9056603773584906,0.897196261682243,0.5310110450297367
60,12,0.8858695652173914,0.9134615384615384,0.8878504672897196,0.5310110450297367
280,17,0.8858695652173914,0.9056603773584906,0.897196261682243,0.5310110450297367
280,16,0.8858695652173914,0.9056603773584906,0.897196261682243,0.5310110450297367
300,27,0.8858695652173914,0.9056603773584906,0.897196261682243,0.5310110450297367
70,12,0.8858695652173914,0.9134615384615384,0.8878504672897196,0.5310110450297367
300,29,0.8858695652173914,0.9056603773584906,0.897196261682243,0.5310110450297367
290,16,0.8858695652173914,0.9056603773584906,0.897196261682243,0.5310110450297367
290,17,0.8858695652173914,0.9056603773584906,0.897196261682243,0.5310110450297367
280,12,0.8858695652173914,0.9056603773584906,0.897196261682243,0.5310110450297367
290,6,0.8858695652173914,0.8981481481481481,0.9065420560747663,0.5310110450297367
240,23,0.8804347826086957,0.897196261682243,0.897196261682243,0.5086782376502004
240,24,0.8804347826086957,0.897196261682243,0.897196261682243,0.5086782376502004
270,19,0.8804347826086957,0.897196261682243,0.897196261682243,0.5086782376502004
240,25,0.8804347826086957,0.897196261682243,0.897196261682243,0.5086782376502004
240,22,0.8804347826086957,0.897196261682243,0.897196261682243,0.5086782376502004
240,27,0.8804347826086957,0.897196261682243,0.897196261682243,0.5086782376502004
240,28,0.8804347826086957,0.897196261682243,0.897196261682243,0.5086782376502004
240,29,0.8804347826086957,0.897196261682243,0.897196261682243,0.5086782376502004
240,26,0.8804347826086957,0.897196261682243,0.897196261682243,0.5086782376502004
160,6,0.8804347826086957,0.897196261682243,0.897196261682243,0.5086782376502004
240,21,0.8804347826086957,0.897196261682243,0.897196261682243,0.5086782376502004
240,20,0.8804347826086957,0.897196261682243,0.897196261682243,0.5086782376502004
150,17,0.8804347826086957,0.9047619047619048,0.8878504672897196,0.5086782376502004
240,19,0.8804347826086957,0.897196261682243,0.897196261682243,0.5086782376502004
160,8,0.8804347826086957,0.897196261682243,0.897196261682243,0.5086782376502004
160,9,0.8804347826086957,0.9047619047619048,0.8878504672897196,0.5086782376502004
240,18,0.8804347826086957,0.897196261682243,0.897196261682243,0.5086782376502004
240,17,0.8804347826086957,0.897196261682243,0.897196261682243,0.5086782376502004
290,13,0.8804347826086957,0.9047619047619048,0.8878504672897196,0.5086782376502004
160,16,0.8804347826086957,0.9047619047619048,0.8878504672897196,0.5086782376502004
160,17,0.8804347826086957,0.9047619047619048,0.8878504672897196,0.5086782376502004
60,8,0.8804347826086957,0.9047619047619048,0.8878504672897196,0.5086782376502004
60,7,0.8804347826086957,0.9047619047619048,0.8878504672897196,0.5086782376502004
240,30,0.8804347826086957,0.897196261682243,0.897196261682243,0.5086782376502004
290,8,0.8804347826086957,0.897196261682243,0.897196261682243,0.5086782376502004
150,16,0.8804347826086957,0.9047619047619048,0.8878504672897196,0.5086782376502004
140,19,0.8804347826086957,0.9047619047619048,0.8878504672897196,0.5086782376502004
130,29,0.8804347826086957,0.9047619047619048,0.8878504672897196,0.5086782376502004
130,30,0.8804347826086957,0.9047619047619048,0.8878504672897196,0.5086782376502004
280,28,0.8804347826086957,0.897196261682243,0.897196261682243,0.5086782376502004
140,6,0.8804347826086957,0.897196261682243,0.897196261682243,0.5086782376502004
140,7,0.8804347826086957,0.9047619047619048,0.8878504672897196,0.5086782376502004
280,29,0.8804347826086957,0.897196261682243,0.897196261682243,0.5086782376502004
280,30,0.8804347826086957,0.897196261682243,0.897196261682243,0.5086782376502004
140,10,0.8804347826086957,0.9047619047619048,0.8878504672897196,0.5086782376502004
140,13,0.8804347826086957,0.9047619047619048,0.8878504672897196,0.5086782376502004
140,14,0.8804347826086957,0.9047619047619048,0.8878504672897196,0.5086782376502004
140,15,0.8804347826086957,0.9047619047619048,0.8878504672897196,0.5086782376502004
140,16,0.8804347826086957,0.9047619047619048,0.8878504672897196,0.5086782376502004
270,18,0.8804347826086957,0.897196261682243,0.897196261682243,0.5086782376502004
140,18,0.8804347826086957,0.9047619047619048,0.8878504672897196,0.5086782376502004
140,20,0.8804347826086957,0.9047619047619048,0.8878504672897196,0.5086782376502004
290,19,0.8804347826086957,0.897196261682243,0.897196261682243,0.5086782376502004
140,21,0.8804347826086957,0.9047619047619048,0.8878504672897196,0.5086782376502004
140,22,0.8804347826086957,0.9047619047619048,0.8878504672897196,0.5086782376502004
140,23,0.8804347826086957,0.9047619047619048,0.8878504672897196,0.5086782376502004
140,24,0.8804347826086957,0.9047619047619048,0.8878504672897196,0.5086782376502004
140,25,0.8804347826086957,0.9047619047619048,0.8878504672897196,0.5086782376502004
140,26,0.8804347826086957,0.9047619047619048,0.8878504672897196,0.5086782376502004
140,27,0.8804347826086957,0.9047619047619048,0.8878504672897196,0.5086782376502004
140,28,0.8804347826086957,0.9047619047619048,0.8878504672897196,0.5086782376502004
140,29,0.8804347826086957,0.9047619047619048,0.8878504672897196,0.5086782376502004
140,30,0.8804347826086957,0.9047619047619048,0.8878504672897196,0.5086782376502004
150,6,0.8804347826086957,0.897196261682243,0.897196261682243,0.5086782376502004
150,7,0.8804347826086957,0.9047619047619048,0.8878504672897196,0.5086782376502004
150,8,0.8804347826086957,0.9047619047619048,0.8878504672897196,0.5086782376502004
150,10,0.8804347826086957,0.9047619047619048,0.8878504672897196,0.5086782376502004
290,18,0.8804347826086957,0.897196261682243,0.897196261682243,0.5086782376502004
290,22,0.8804347826086957,0.897196261682243,0.897196261682243,0.5086782376502004
290,20,0.8804347826086957,0.897196261682243,0.897196261682243,0.5086782376502004
190,10,0.8804347826086957,0.9047619047619048,0.8878504672897196,0.5086782376502004
210,23,0.8804347826086957,0.897196261682243,0.897196261682243,0.5086782376502004
210,24,0.8804347826086957,0.897196261682243,0.897196261682243,0.5086782376502004
210,25,0.8804347826086957,0.897196261682243,0.897196261682243,0.5086782376502004
210,26,0.8804347826086957,0.897196261682243,0.897196261682243,0.5086782376502004
210,27,0.8804347826086957,0.897196261682243,0.897196261682243,0.5086782376502004
210,28,0.8804347826086957,0.897196261682243,0.897196261682243,0.5086782376502004
210,29,0.8804347826086957,0.897196261682243,0.897196261682243,0.5086782376502004
220,16,0.8804347826086957,0.897196261682243,0.897196261682243,0.5086782376502004
210,30,0.8804347826086957,0.897196261682243,0.897196261682243,0.5086782376502004
50,8,0.8804347826086957,0.912621359223301,0.8785046728971962,0.5086782376502004
190,6,0.8804347826086957,0.897196261682243,0.897196261682243,0.5086782376502004
300,8,0.8804347826086957,0.897196261682243,0.897196261682243,0.5086782376502004
50,10,0.8804347826086957,0.9047619047619048,0.8878504672897196,0.5086782376502004
220,12,0.8804347826086957,0.9047619047619048,0.8878504672897196,0.5086782376502004
210,22,0.8804347826086957,0.897196261682243,0.897196261682243,0.5086782376502004
210,21,0.8804347826086957,0.897196261682243,0.897196261682243,0.5086782376502004
210,20,0.8804347826086957,0.897196261682243,0.897196261682243,0.5086782376502004
210,19,0.8804347826086957,0.897196261682243,0.897196261682243,0.5086782376502004
210,18,0.8804347826086957,0.897196261682243,0.897196261682243,0.5086782376502004
210,17,0.8804347826086957,0.897196261682243,0.897196261682243,0.5086782376502004
210,16,0.8804347826086957,0.897196261682243,0.897196261682243,0.5086782376502004
210,14,0.8804347826086957,0.897196261682243,0.897196261682243,0.5086782376502004
210,12,0.8804347826086957,0.897196261682243,0.897196261682243,0.5086782376502004
210,10,0.8804347826086957,0.9047619047619048,0.8878504672897196,0.5086782376502004
200,8,0.8804347826086957,0.9047619047619048,0.8878504672897196,0.5086782376502004
200,9,0.8804347826086957,0.9047619047619048,0.8878504672897196,0.5086782376502004
200,10,0.8804347826086957,0.9047619047619048,0.8878504672897196,0.5086782376502004
200,12,0.8804347826086957,0.897196261682243,0.897196261682243,0.5086782376502004
200,14,0.8804347826086957,0.897196261682243,0.897196261682243,0.5086782376502004
200,16,0.8804347826086957,0.897196261682243,0.897196261682243,0.5086782376502004
200,17,0.8804347826086957,0.897196261682243,0.897196261682243,0.5086782376502004
220,14,0.8804347826086957,0.897196261682243,0.897196261682243,0.5086782376502004
220,17,0.8804347826086957,0.897196261682243,0.897196261682243,0.5086782376502004
290,21,0.8804347826086957,0.897196261682243,0.897196261682243,0.5086782376502004
290,25,0.8804347826086957,0.897196261682243,0.897196261682243,0.5086782376502004
230,17,0.8804347826086957,0.897196261682243,0.897196261682243,0.5086782376502004
290,30,0.8804347826086957,0.897196261682243,0.897196261682243,0.5086782376502004
290,29,0.8804347826086957,0.897196261682243,0.897196261682243,0.5086782376502004
290,28,0.8804347826086957,0.897196261682243,0.897196261682243,0.5086782376502004
290,27,0.8804347826086957,0.897196261682243,0.897196261682243,0.5086782376502004
290,26,0.8804347826086957,0.897196261682243,0.897196261682243,0.5086782376502004
290,24,0.8804347826086957,0.897196261682243,0.897196261682243,0.5086782376502004
220,18,0.8804347826086957,0.897196261682243,0.897196261682243,0.5086782376502004
170,12,0.8804347826086957,0.9047619047619048,0.8878504672897196,0.5086782376502004
290,23,0.8804347826086957,0.897196261682243,0.897196261682243,0.5086782376502004
170,10,0.8804347826086957,0.9047619047619048,0.8878504672897196,0.5086782376502004
170,9,0.8804347826086957,0.9047619047619048,0.8878504672897196,0.5086782376502004
170,8,0.8804347826086957,0.9047619047619048,0.8878504672897196,0.5086782376502004
130,27,0.8804347826086957,0.9047619047619048,0.8878504672897196,0.5086782376502004
230,14,0.8804347826086957,0.897196261682243,0.897196261682243,0.5086782376502004
230,9,0.8804347826086957,0.9047619047619048,0.8878504672897196,0.5086782376502004
220,30,0.8804347826086957,0.897196261682243,0.897196261682243,0.5086782376502004
180,6,0.8804347826086957,0.897196261682243,0.897196261682243,0.5086782376502004
220,29,0.8804347826086957,0.897196261682243,0.897196261682243,0.5086782376502004
220,28,0.8804347826086957,0.897196261682243,0.897196261682243,0.5086782376502004
180,9,0.8804347826086957,0.9047619047619048,0.8878504672897196,0.5086782376502004
180,10,0.8804347826086957,0.9047619047619048,0.8878504672897196,0.5086782376502004
220,27,0.8804347826086957,0.897196261682243,0.897196261682243,0.5086782376502004
220,26,0.8804347826086957,0.897196261682243,0.897196261682243,0.5086782376502004
220,25,0.8804347826086957,0.897196261682243,0.897196261682243,0.5086782376502004
220,24,0.8804347826086957,0.897196261682243,0.897196261682243,0.5086782376502004
220,23,0.8804347826086957,0.897196261682243,0.897196261682243,0.5086782376502004
220,22,0.8804347826086957,0.897196261682243,0.897196261682243,0.5086782376502004
220,21,0.8804347826086957,0.897196261682243,0.897196261682243,0.5086782376502004
220,20,0.8804347826086957,0.897196261682243,0.897196261682243,0.5086782376502004
220,19,0.8804347826086957,0.897196261682243,0.897196261682243,0.5086782376502004
130,28,0.8804347826086957,0.9047619047619048,0.8878504672897196,0.5086782376502004
140,17,0.8804347826086957,0.9047619047619048,0.8878504672897196,0.5086782376502004
130,26,0.8804347826086957,0.9047619047619048,0.8878504672897196,0.5086782376502004
100,14,0.8804347826086957,0.9047619047619048,0.8878504672897196,0.5086782376502004
100,20,0.8804347826086957,0.9047619047619048,0.8878504672897196,0.5086782376502004
100,19,0.8804347826086957,0.9047619047619048,0.8878504672897196,0.5086782376502004
100,18,0.8804347826086957,0.9047619047619048,0.8878504672897196,0.5086782376502004
100,17,0.8804347826086957,0.9047619047619048,0.8878504672897196,0.5086782376502004
100,16,0.8804347826086957,0.9047619047619048,0.8878504672897196,0.5086782376502004
100,15,0.8804347826086957,0.9047619047619048,0.8878504672897196,0.5086782376502004
100,13,0.8804347826086957,0.9047619047619048,0.8878504672897196,0.5086782376502004
260,8,0.8804347826086957,0.9047619047619048,0.8878504672897196,0.5086782376502004
250,30,0.8804347826086957,0.897196261682243,0.897196261682243,0.5086782376502004
300,13,0.8804347826086957,0.9047619047619048,0.8878504672897196,0.5086782376502004
270,30,0.8804347826086957,0.897196261682243,0.897196261682243,0.5086782376502004
100,8,0.8804347826086957,0.912621359223301,0.8785046728971962,0.5086782376502004
270,29,0.8804347826086957,0.897196261682243,0.897196261682243,0.5086782376502004
270,28,0.8804347826086957,0.897196261682243,0.897196261682243,0.5086782376502004
100,21,0.8804347826086957,0.9047619047619048,0.8878504672897196,0.5086782376502004
100,22,0.8804347826086957,0.9047619047619048,0.8878504672897196,0.5086782376502004
100,23,0.8804347826086957,0.9047619047619048,0.8878504672897196,0.5086782376502004
100,24,0.8804347826086957,0.9047619047619048,0.8878504672897196,0.5086782376502004
100,25,0.8804347826086957,0.9047619047619048,0.8878504672897196,0.5086782376502004
100,26,0.8804347826086957,0.9047619047619048,0.8878504672897196,0.5086782376502004
100,27,0.8804347826086957,0.9047619047619048,0.8878504672897196,0.5086782376502004
130,25,0.8804347826086957,0.9047619047619048,0.8878504672897196,0.5086782376502004
100,29,0.8804347826086957,0.9047619047619048,0.8878504672897196,0.5086782376502004
100,30,0.8804347826086957,0.9047619047619048,0.8878504672897196,0.5086782376502004
250,29,0.8804347826086957,0.897196261682243,0.897196261682243,0.5086782376502004
280,8,0.8804347826086957,0.897196261682243,0.897196261682243,0.5086782376502004
250,28,0.8804347826086957,0.897196261682243,0.897196261682243,0.5086782376502004
250,27,0.8804347826086957,0.897196261682243,0.897196261682243,0.5086782376502004
110,13,0.8804347826086957,0.9047619047619048,0.8878504672897196,0.5086782376502004
110,14,0.8804347826086957,0.9047619047619048,0.8878504672897196,0.5086782376502004
110,15,0.8804347826086957,0.9047619047619048,0.8878504672897196,0.5086782376502004
270,27,0.8804347826086957,0.897196261682243,0.897196261682243,0.5086782376502004
260,10,0.8804347826086957,0.912621359223301,0.8785046728971962,0.5086782376502004
110,17,0.8804347826086957,0.9047619047619048,0.8878504672897196,0.5086782376502004
80,7,0.8804347826086957,0.9047619047619048,0.8878504672897196,0.5086782376502004
270,22,0.8804347826086957,0.897196261682243,0.897196261682243,0.5086782376502004
260,26,0.8804347826086957,0.897196261682243,0.897196261682243,0.5086782376502004
260,27,0.8804347826086957,0.897196261682243,0.897196261682243,0.5086782376502004
260,28,0.8804347826086957,0.897196261682243,0.897196261682243,0.5086782376502004
260,29,0.8804347826086957,0.897196261682243,0.897196261682243,0.5086782376502004
260,30,0.8804347826086957,0.897196261682243,0.897196261682243,0.5086782376502004
270,8,0.8804347826086957,0.897196261682243,0.897196261682243,0.5086782376502004
270,26,0.8804347826086957,0.897196261682243,0.897196261682243,0.5086782376502004
270,10,0.8804347826086957,0.912621359223301,0.8785046728971962,0.5086782376502004
80,8,0.8804347826086957,0.912621359223301,0.8785046728971962,0.5086782376502004
270,13,0.8804347826086957,0.9047619047619048,0.8878504672897196,0.5086782376502004
270,15,0.8804347826086957,0.897196261682243,0.897196261682243,0.5086782376502004
270,21,0.8804347826086957,0.897196261682243,0.897196261682243,0.5086782376502004
270,20,0.8804347826086957,0.897196261682243,0.897196261682243,0.5086782376502004
260,25,0.8804347826086957,0.897196261682243,0.897196261682243,0.5086782376502004
90,7,0.8804347826086957,0.9047619047619048,0.8878504672897196,0.5086782376502004
90,8,0.8804347826086957,0.912621359223301,0.8785046728971962,0.5086782376502004
90,9,0.8804347826086957,0.9047619047619048,0.8878504672897196,0.5086782376502004
260,24,0.8804347826086957,0.897196261682243,0.897196261682243,0.5086782376502004
270,23,0.8804347826086957,0.897196261682243,0.897196261682243,0.5086782376502004
90,13,0.8804347826086957,0.9047619047619048,0.8878504672897196,0.5086782376502004
260,23,0.8804347826086957,0.897196261682243,0.897196261682243,0.5086782376502004
260,22,0.8804347826086957,0.897196261682243,0.897196261682243,0.5086782376502004
260,21,0.8804347826086957,0.897196261682243,0.897196261682243,0.5086782376502004
260,20,0.8804347826086957,0.897196261682243,0.897196261682243,0.5086782376502004
260,19,0.8804347826086957,0.897196261682243,0.897196261682243,0.5086782376502004
260,18,0.8804347826086957,0.897196261682243,0.897196261682243,0.5086782376502004
270,24,0.8804347826086957,0.897196261682243,0.897196261682243,0.5086782376502004
270,25,0.8804347826086957,0.897196261682243,0.897196261682243,0.5086782376502004
260,15,0.8804347826086957,0.897196261682243,0.897196261682243,0.5086782376502004
260,13,0.8804347826086957,0.9047619047619048,0.8878504672897196,0.5086782376502004
110,16,0.8804347826086957,0.9047619047619048,0.8878504672897196,0.5086782376502004
100,28,0.8804347826086957,0.9047619047619048,0.8878504672897196,0.5086782376502004
130,9,0.8804347826086957,0.9047619047619048,0.8878504672897196,0.5086782376502004
250,25,0.8804347826086957,0.897196261682243,0.897196261682243,0.5086782376502004
130,21,0.8804347826086957,0.9047619047619048,0.8878504672897196,0.5086782376502004
70,13,0.8804347826086957,0.9047619047619048,0.8878504672897196,0.5086782376502004
130,20,0.8804347826086957,0.9047619047619048,0.8878504672897196,0.5086782376502004
250,24,0.8804347826086957,0.897196261682243,0.897196261682243,0.5086782376502004
120,12,0.8804347826086957,0.9047619047619048,0.8878504672897196,0.5086782376502004
130,19,0.8804347826086957,0.9047619047619048,0.8878504672897196,0.5086782376502004
280,21,0.8804347826086957,0.897196261682243,0.897196261682243,0.5086782376502004
280,26,0.8804347826086957,0.897196261682243,0.897196261682243,0.5086782376502004
250,23,0.8804347826086957,0.897196261682243,0.897196261682243,0.5086782376502004
250,20,0.8804347826086957,0.897196261682243,0.897196261682243,0.5086782376502004
250,19,0.8804347826086957,0.897196261682243,0.897196261682243,0.5086782376502004
120,14,0.8804347826086957,0.9047619047619048,0.8878504672897196,0.5086782376502004
250,22,0.8804347826086957,0.897196261682243,0.897196261682243,0.5086782376502004
250,18,0.8804347826086957,0.897196261682243,0.897196261682243,0.5086782376502004
130,18,0.8804347826086957,0.9047619047619048,0.8878504672897196,0.5086782376502004
280,27,0.8804347826086957,0.897196261682243,0.897196261682243,0.5086782376502004
280,20,0.8804347826086957,0.897196261682243,0.897196261682243,0.5086782376502004
120,17,0.8804347826086957,0.9047619047619048,0.8878504672897196,0.5086782376502004
130,15,0.8804347826086957,0.9047619047619048,0.8878504672897196,0.5086782376502004
280,19,0.8804347826086957,0.897196261682243,0.897196261682243,0.5086782376502004
130,16,0.8804347826086957,0.9047619047619048,0.8878504672897196,0.5086782376502004
280,15,0.8804347826086957,0.897196261682243,0.897196261682243,0.5086782376502004
280,18,0.8804347826086957,0.897196261682243,0.897196261682243,0.5086782376502004
280,22,0.8804347826086957,0.897196261682243,0.897196261682243,0.5086782376502004
120,7,0.8804347826086957,0.9047619047619048,0.8878504672897196,0.5086782376502004
130,17,0.8804347826086957,0.9047619047619048,0.8878504672897196,0.5086782376502004
250,26,0.8804347826086957,0.897196261682243,0.897196261682243,0.5086782376502004
250,21,0.8804347826086957,0.897196261682243,0.897196261682243,0.5086782376502004
130,7,0.8804347826086957,0.9047619047619048,0.8878504672897196,0.5086782376502004
130,6,0.8804347826086957,0.897196261682243,0.897196261682243,0.5086782376502004
110,18,0.8804347826086957,0.9047619047619048,0.8878504672897196,0.5086782376502004
130,24,0.8804347826086957,0.9047619047619048,0.8878504672897196,0.5086782376502004
110,19,0.8804347826086957,0.9047619047619048,0.8878504672897196,0.5086782376502004
130,23,0.8804347826086957,0.9047619047619048,0.8878504672897196,0.5086782376502004
280,25,0.8804347826086957,0.897196261682243,0.897196261682243,0.5086782376502004
130,22,0.8804347826086957,0.9047619047619048,0.8878504672897196,0.5086782376502004
280,24,0.8804347826086957,0.897196261682243,0.897196261682243,0.5086782376502004
110,20,0.8804347826086957,0.9047619047619048,0.8878504672897196,0.5086782376502004
110,21,0.8804347826086957,0.9047619047619048,0.8878504672897196,0.5086782376502004
110,22,0.8804347826086957,0.9047619047619048,0.8878504672897196,0.5086782376502004
280,23,0.8804347826086957,0.897196261682243,0.897196261682243,0.5086782376502004
110,23,0.8804347826086957,0.9047619047619048,0.8878504672897196,0.5086782376502004
110,24,0.8804347826086957,0.9047619047619048,0.8878504672897196,0.5086782376502004
110,25,0.8804347826086957,0.9047619047619048,0.8878504672897196,0.5086782376502004
110,26,0.8804347826086957,0.9047619047619048,0.8878504672897196,0.5086782376502004
110,27,0.8804347826086957,0.9047619047619048,0.8878504672897196,0.5086782376502004
110,28,0.8804347826086957,0.9047619047619048,0.8878504672897196,0.5086782376502004
110,29,0.8804347826086957,0.9047619047619048,0.8878504672897196,0.5086782376502004
110,30,0.8804347826086957,0.9047619047619048,0.8878504672897196,0.5086782376502004
280,13,0.8804347826086957,0.9047619047619048,0.8878504672897196,0.5086782376502004
70,7,0.8804347826086957,0.9047619047619048,0.8878504672897196,0.5086782376502004
240,11,0.875,0.8962264150943396,0.8878504672897196,0.486345430270664
250,14,0.875,0.8962264150943396,0.8878504672897196,0.486345430270664
300,14,0.875,0.8962264150943396,0.8878504672897196,0.486345430270664
200,24,0.875,0.8888888888888888,0.897196261682243,0.486345430270664
200,25,0.875,0.8888888888888888,0.897196261682243,0.486345430270664
200,26,0.875,0.8888888888888888,0.897196261682243,0.486345430270664
200,27,0.875,0.8888888888888888,0.897196261682243,0.486345430270664
200,28,0.875,0.8888888888888888,0.897196261682243,0.486345430270664
270,14,0.875,0.8962264150943396,0.8878504672897196,0.486345430270664
200,29,0.875,0.8888888888888888,0.897196261682243,0.486345430270664
200,30,0.875,0.8888888888888888,0.897196261682243,0.486345430270664
210,7,0.875,0.8962264150943396,0.8878504672897196,0.486345430270664
210,8,0.875,0.8962264150943396,0.8878504672897196,0.486345430270664
210,9,0.875,0.8962264150943396,0.8878504672897196,0.486345430270664
210,11,0.875,0.8962264150943396,0.8878504672897196,0.486345430270664
270,7,0.875,0.8962264150943396,0.8878504672897196,0.486345430270664
250,15,0.875,0.8888888888888888,0.897196261682243,0.486345430270664
210,15,0.875,0.8888888888888888,0.897196261682243,0.486345430270664
300,9,0.875,0.9038461538461539,0.8785046728971962,0.486345430270664
260,14,0.875,0.8962264150943396,0.8878504672897196,0.486345430270664
220,7,0.875,0.8962264150943396,0.8878504672897196,0.486345430270664
300,7,0.875,0.8962264150943396,0.8878504672897196,0.486345430270664
240,9,0.875,0.9038461538461539,0.8785046728971962,0.486345430270664
290,14,0.875,0.8962264150943396,0.8878504672897196,0.486345430270664
240,7,0.875,0.8962264150943396,0.8878504672897196,0.486345430270664
290,15,0.875,0.8962264150943396,0.8878504672897196,0.486345430270664
240,14,0.875,0.8962264150943396,0.8878504672897196,0.486345430270664
240,15,0.875,0.8888888888888888,0.897196261682243,0.486345430270664
280,10,0.875,0.9038461538461539,0.8785046728971962,0.486345430270664
280,9,0.875,0.9038461538461539,0.8785046728971962,0.486345430270664
280,7,0.875,0.8962264150943396,0.8878504672897196,0.486345430270664
230,15,0.875,0.8888888888888888,0.897196261682243,0.486345430270664
280,14,0.875,0.8962264150943396,0.8878504672897196,0.486345430270664
230,11,0.875,0.8962264150943396,0.8878504672897196,0.486345430270664
230,8,0.875,0.8962264150943396,0.8878504672897196,0.486345430270664
230,7,0.875,0.8962264150943396,0.8878504672897196,0.486345430270664
290,11,0.875,0.8962264150943396,0.8878504672897196,0.486345430270664
220,8,0.875,0.8962264150943396,0.8878504672897196,0.486345430270664
250,7,0.875,0.8962264150943396,0.8878504672897196,0.486345430270664
290,10,0.875,0.9038461538461539,0.8785046728971962,0.486345430270664
250,9,0.875,0.9038461538461539,0.8785046728971962,0.486345430270664
300,15,0.875,0.8962264150943396,0.8878504672897196,0.486345430270664
290,9,0.875,0.9038461538461539,0.8785046728971962,0.486345430270664
260,7,0.875,0.8962264150943396,0.8878504672897196,0.486345430270664
250,13,0.875,0.8962264150943396,0.8878504672897196,0.486345430270664
260,9,0.875,0.9038461538461539,0.8785046728971962,0.486345430270664
290,7,0.875,0.8962264150943396,0.8878504672897196,0.486345430270664
240,13,0.875,0.8962264150943396,0.8878504672897196,0.486345430270664
220,15,0.875,0.8888888888888888,0.897196261682243,0.486345430270664
220,13,0.875,0.8962264150943396,0.8878504672897196,0.486345430270664
220,11,0.875,0.8962264150943396,0.8878504672897196,0.486345430270664
200,22,0.875,0.8888888888888888,0.897196261682243,0.486345430270664
200,23,0.875,0.8888888888888888,0.897196261682243,0.486345430270664
170,21,0.875,0.8962264150943396,0.8878504672897196,0.486345430270664
200,21,0.875,0.8888888888888888,0.897196261682243,0.486345430270664
90,24,0.875,0.9038461538461539,0.8785046728971962,0.486345430270664
120,6,0.875,0.8962264150943396,0.8878504672897196,0.486345430270664
110,8,0.875,0.9038461538461539,0.8785046728971962,0.486345430270664
110,6,0.875,0.8962264150943396,0.8878504672897196,0.486345430270664
100,6,0.875,0.8962264150943396,0.8878504672897196,0.486345430270664
90,30,0.875,0.9038461538461539,0.8785046728971962,0.486345430270664
90,29,0.875,0.9038461538461539,0.8785046728971962,0.486345430270664
90,28,0.875,0.9038461538461539,0.8785046728971962,0.486345430270664
90,27,0.875,0.9038461538461539,0.8785046728971962,0.486345430270664
90,26,0.875,0.9038461538461539,0.8785046728971962,0.486345430270664
90,25,0.875,0.9038461538461539,0.8785046728971962,0.486345430270664
90,23,0.875,0.9038461538461539,0.8785046728971962,0.486345430270664
150,30,0.875,0.8962264150943396,0.8878504672897196,0.486345430270664
90,22,0.875,0.9038461538461539,0.8785046728971962,0.486345430270664
90,21,0.875,0.9038461538461539,0.8785046728971962,0.486345430270664
90,20,0.875,0.9038461538461539,0.8785046728971962,0.486345430270664
90,19,0.875,0.9038461538461539,0.8785046728971962,0.486345430270664
90,18,0.875,0.9038461538461539,0.8785046728971962,0.486345430270664
90,17,0.875,0.9038461538461539,0.8785046728971962,0.486345430270664
90,16,0.875,0.9038461538461539,0.8785046728971962,0.486345430270664
90,15,0.875,0.9038461538461539,0.8785046728971962,0.486345430270664
90,14,0.875,0.9038461538461539,0.8785046728971962,0.486345430270664
90,11,0.875,0.9038461538461539,0.8785046728971962,0.486345430270664
120,8,0.875,0.9038461538461539,0.8785046728971962,0.486345430270664
120,11,0.875,0.8962264150943396,0.8878504672897196,0.486345430270664
120,15,0.875,0.9038461538461539,0.8785046728971962,0.486345430270664
130,8,0.875,0.9038461538461539,0.8785046728971962,0.486345430270664
150,28,0.875,0.8962264150943396,0.8878504672897196,0.486345430270664
150,27,0.875,0.8962264150943396,0.8878504672897196,0.486345430270664
150,26,0.875,0.8962264150943396,0.8878504672897196,0.486345430270664
150,25,0.875,0.8962264150943396,0.8878504672897196,0.486345430270664
150,24,0.875,0.8962264150943396,0.8878504672897196,0.486345430270664
150,23,0.875,0.8962264150943396,0.8878504672897196,0.486345430270664
150,22,0.875,0.8962264150943396,0.8878504672897196,0.486345430270664
150,21,0.875,0.8962264150943396,0.8878504672897196,0.486345430270664
150,20,0.875,0.8962264150943396,0.8878504672897196,0.486345430270664
150,19,0.875,0.8962264150943396,0.8878504672897196,0.486345430270664
150,18,0.875,0.8962264150943396,0.8878504672897196,0.486345430270664
150,14,0.875,0.8962264150943396,0.8878504672897196,0.486345430270664
150,13,0.875,0.8962264150943396,0.8878504672897196,0.486345430270664
150,12,0.875,0.8962264150943396,0.8878504672897196,0.486345430270664
140,12,0.875,0.9038461538461539,0.8785046728971962,0.486345430270664
140,11,0.875,0.8962264150943396,0.8878504672897196,0.486345430270664
140,8,0.875,0.9038461538461539,0.8785046728971962,0.486345430270664
200,20,0.875,0.8888888888888888,0.897196261682243,0.486345430270664
130,13,0.875,0.8962264150943396,0.8878504672897196,0.486345430270664
130,12,0.875,0.9038461538461539,0.8785046728971962,0.486345430270664
130,11,0.875,0.8962264150943396,0.8878504672897196,0.486345430270664
80,30,0.875,0.9038461538461539,0.8785046728971962,0.486345430270664
80,29,0.875,0.9038461538461539,0.8785046728971962,0.486345430270664
80,28,0.875,0.9038461538461539,0.8785046728971962,0.486345430270664
70,19,0.875,0.9038461538461539,0.8785046728971962,0.486345430270664
70,17,0.875,0.9038461538461539,0.8785046728971962,0.486345430270664
70,16,0.875,0.9038461538461539,0.8785046728971962,0.486345430270664
70,11,0.875,0.9117647058823529,0.8691588785046729,0.486345430270664
70,8,0.875,0.9117647058823529,0.8691588785046729,0.486345430270664
60,30,0.875,0.9038461538461539,0.8785046728971962,0.486345430270664
60,29,0.875,0.9038461538461539,0.8785046728971962,0.486345430270664
60,28,0.875,0.9038461538461539,0.8785046728971962,0.486345430270664
60,27,0.875,0.9038461538461539,0.8785046728971962,0.486345430270664
60,26,0.875,0.9038461538461539,0.8785046728971962,0.486345430270664
60,25,0.875,0.9038461538461539,0.8785046728971962,0.486345430270664
60,24,0.875,0.9038461538461539,0.8785046728971962,0.486345430270664
60,23,0.875,0.9038461538461539,0.8785046728971962,0.486345430270664
60,22,0.875,0.9038461538461539,0.8785046728971962,0.486345430270664
60,21,0.875,0.9038461538461539,0.8785046728971962,0.486345430270664
60,20,0.875,0.9038461538461539,0.8785046728971962,0.486345430270664
60,19,0.875,0.9038461538461539,0.8785046728971962,0.486345430270664
60,18,0.875,0.9038461538461539,0.8785046728971962,0.486345430270664
60,17,0.875,0.9038461538461539,0.8785046728971962,0.486345430270664
60,16,0.875,0.9038461538461539,0.8785046728971962,0.486345430270664
60,13,0.875,0.9038461538461539,0.8785046728971962,0.486345430270664
50,7,0.875,0.8962264150943396,0.8878504672897196,0.486345430270664
70,18,0.875,0.9038461538461539,0.8785046728971962,0.486345430270664
70,20,0.875,0.9038461538461539,0.8785046728971962,0.486345430270664
80,27,0.875,0.9038461538461539,0.8785046728971962,0.486345430270664
70,21,0.875,0.9038461538461539,0.8785046728971962,0.486345430270664
80,26,0.875,0.9038461538461539,0.8785046728971962,0.486345430270664
80,25,0.875,0.9038461538461539,0.8785046728971962,0.486345430270664
80,24,0.875,0.9038461538461539,0.8785046728971962,0.486345430270664
80,23,0.875,0.9038461538461539,0.8785046728971962,0.486345430270664
80,22,0.875,0.9038461538461539,0.8785046728971962,0.486345430270664
80,21,0.875,0.9038461538461539,0.8785046728971962,0.486345430270664
80,20,0.875,0.9038461538461539,0.8785046728971962,0.486345430270664
80,19,0.875,0.9038461538461539,0.8785046728971962,0.486345430270664
80,18,0.875,0.9038461538461539,0.8785046728971962,0.486345430270664
80,17,0.875,0.9038461538461539,0.8785046728971962,0.486345430270664
80,9,0.875,0.9038461538461539,0.8785046728971962,0.486345430270664
80,6,0.875,0.8962264150943396,0.8878504672897196,0.486345430270664
70,30,0.875,0.9038461538461539,0.8785046728971962,0.486345430270664
70,29,0.875,0.9038461538461539,0.8785046728971962,0.486345430270664
70,28,0.875,0.9038461538461539,0.8785046728971962,0.486345430270664
70,27,0.875,0.9038461538461539,0.8785046728971962,0.486345430270664
70,26,0.875,0.9038461538461539,0.8785046728971962,0.486345430270664
70,25,0.875,0.9038461538461539,0.8785046728971962,0.486345430270664
70,24,0.875,0.9038461538461539,0.8785046728971962,0.486345430270664
70,23,0.875,0.9038461538461539,0.8785046728971962,0.486345430270664
70,22,0.875,0.9038461538461539,0.8785046728971962,0.486345430270664
150,29,0.875,0.8962264150943396,0.8878504672897196,0.486345430270664
130,14,0.875,0.8962264150943396,0.8878504672897196,0.486345430270664
160,7,0.875,0.8962264150943396,0.8878504672897196,0.486345430270664
170,17,0.875,0.8962264150943396,0.8878504672897196,0.486345430270664
170,19,0.875,0.8962264150943396,0.8878504672897196,0.486345430270664
170,20,0.875,0.8962264150943396,0.8878504672897196,0.486345430270664
300,11,0.875,0.8962264150943396,0.8878504672897196,0.486345430270664
170,22,0.875,0.8962264150943396,0.8878504672897196,0.486345430270664
170,23,0.875,0.8962264150943396,0.8878504672897196,0.486345430270664
170,24,0.875,0.8962264150943396,0.8878504672897196,0.486345430270664
170,25,0.875,0.8962264150943396,0.8878504672897196,0.486345430270664
170,26,0.875,0.8962264150943396,0.8878504672897196,0.486345430270664
170,27,0.875,0.8962264150943396,0.8878504672897196,0.486345430270664
170,28,0.875,0.8962264150943396,0.8878504672897196,0.486345430270664
170,29,0.875,0.8962264150943396,0.8878504672897196,0.486345430270664
170,30,0.875,0.8962264150943396,0.8878504672897196,0.486345430270664
180,7,0.875,0.8962264150943396,0.8878504672897196,0.486345430270664
180,8,0.875,0.8962264150943396,0.8878504672897196,0.486345430270664
180,13,0.875,0.8962264150943396,0.8878504672897196,0.486345430270664
190,7,0.875,0.8962264150943396,0.8878504672897196,0.486345430270664
190,8,0.875,0.8962264150943396,0.8878504672897196,0.486345430270664
190,9,0.875,0.9038461538461539,0.8785046728971962,0.486345430270664
190,14,0.875,0.8962264150943396,0.8878504672897196,0.486345430270664
190,15,0.875,0.8888888888888888,0.897196261682243,0.486345430270664
190,16,0.875,0.8962264150943396,0.8878504672897196,0.486345430270664
200,6,0.875,0.8962264150943396,0.8878504672897196,0.486345430270664
200,7,0.875,0.8962264150943396,0.8878504672897196,0.486345430270664
200,11,0.875,0.8962264150943396,0.8878504672897196,0.486345430270664
200,15,0.875,0.8888888888888888,0.897196261682243,0.486345430270664
200,18,0.875,0.8888888888888888,0.897196261682243,0.486345430270664
200,19,0.875,0.8888888888888888,0.897196261682243,0.486345430270664
170,18,0.875,0.8962264150943396,0.8878504672897196,0.486345430270664
300,10,0.875,0.9038461538461539,0.8785046728971962,0.486345430270664
160,21,0.875,0.8962264150943396,0.8878504672897196,0.486345430270664
160,29,0.875,0.8962264150943396,0.8878504672897196,0.486345430270664
160,14,0.875,0.8962264150943396,0.8878504672897196,0.486345430270664
160,13,0.875,0.8962264150943396,0.8878504672897196,0.486345430270664
160,24,0.875,0.8962264150943396,0.8878504672897196,0.486345430270664
160,25,0.875,0.8962264150943396,0.8878504672897196,0.486345430270664
160,18,0.875,0.8962264150943396,0.8878504672897196,0.486345430270664
160,26,0.875,0.8962264150943396,0.8878504672897196,0.486345430270664
160,27,0.875,0.8962264150943396,0.8878504672897196,0.486345430270664
160,28,0.875,0.8962264150943396,0.8878504672897196,0.486345430270664
160,23,0.875,0.8962264150943396,0.8878504672897196,0.486345430270664
160,30,0.875,0.8962264150943396,0.8878504672897196,0.486345430270664
170,13,0.875,0.8962264150943396,0.8878504672897196,0.486345430270664
160,12,0.875,0.8962264150943396,0.8878504672897196,0.486345430270664
160,20,0.875,0.8962264150943396,0.8878504672897196,0.486345430270664
170,14,0.875,0.8962264150943396,0.8878504672897196,0.486345430270664
170,16,0.875,0.8962264150943396,0.8878504672897196,0.486345430270664
160,19,0.875,0.8962264150943396,0.8878504672897196,0.486345430270664
160,22,0.875,0.8962264150943396,0.8878504672897196,0.486345430270664
170,7,0.875,0.8962264150943396,0.8878504672897196,0.486345430270664
70,14,0.8695652173913043,0.9029126213592233,0.8691588785046729,0.46401262289112766
190,26,0.8695652173913043,0.8878504672897196,0.8878504672897196,0.46401262289112766
190,30,0.8695652173913043,0.8878504672897196,0.8878504672897196,0.46401262289112766
190,29,0.8695652173913043,0.8878504672897196,0.8878504672897196,0.46401262289112766
190,21,0.8695652173913043,0.8878504672897196,0.8878504672897196,0.46401262289112766
190,28,0.8695652173913043,0.8878504672897196,0.8878504672897196,0.46401262289112766
190,27,0.8695652173913043,0.8878504672897196,0.8878504672897196,0.46401262289112766
210,13,0.8695652173913043,0.8952380952380953,0.8785046728971962,0.46401262289112766
190,22,0.8695652173913043,0.8878504672897196,0.8878504672897196,0.46401262289112766
190,25,0.8695652173913043,0.8878504672897196,0.8878504672897196,0.46401262289112766
190,24,0.8695652173913043,0.8878504672897196,0.8878504672897196,0.46401262289112766
70,6,0.8695652173913043,0.8952380952380953,0.8785046728971962,0.46401262289112766
280,11,0.8695652173913043,0.8952380952380953,0.8785046728971962,0.46401262289112766
70,9,0.8695652173913043,0.9029126213592233,0.8691588785046729,0.46401262289112766
70,15,0.8695652173913043,0.9029126213592233,0.8691588785046729,0.46401262289112766
190,23,0.8695652173913043,0.8878504672897196,0.8878504672897196,0.46401262289112766
60,11,0.8695652173913043,0.9029126213592233,0.8691588785046729,0.46401262289112766
160,15,0.8695652173913043,0.8878504672897196,0.8878504672897196,0.46401262289112766
200,13,0.8695652173913043,0.8952380952380953,0.8785046728971962,0.46401262289112766
50,9,0.8695652173913043,0.9029126213592233,0.8691588785046729,0.46401262289112766
50,13,0.8695652173913043,0.9029126213592233,0.8691588785046729,0.46401262289112766
50,16,0.8695652173913043,0.9029126213592233,0.8691588785046729,0.46401262289112766
50,17,0.8695652173913043,0.9029126213592233,0.8691588785046729,0.46401262289112766
50,18,0.8695652173913043,0.9029126213592233,0.8691588785046729,0.46401262289112766
50,19,0.8695652173913043,0.9029126213592233,0.8691588785046729,0.46401262289112766
50,20,0.8695652173913043,0.9029126213592233,0.8691588785046729,0.46401262289112766
50,21,0.8695652173913043,0.9029126213592233,0.8691588785046729,0.46401262289112766
50,22,0.8695652173913043,0.9029126213592233,0.8691588785046729,0.46401262289112766
50,23,0.8695652173913043,0.9029126213592233,0.8691588785046729,0.46401262289112766
50,24,0.8695652173913043,0.9029126213592233,0.8691588785046729,0.46401262289112766
50,25,0.8695652173913043,0.9029126213592233,0.8691588785046729,0.46401262289112766
50,26,0.8695652173913043,0.9029126213592233,0.8691588785046729,0.46401262289112766
50,27,0.8695652173913043,0.9029126213592233,0.8691588785046729,0.46401262289112766
50,28,0.8695652173913043,0.9029126213592233,0.8691588785046729,0.46401262289112766
50,29,0.8695652173913043,0.9029126213592233,0.8691588785046729,0.46401262289112766
50,30,0.8695652173913043,0.9029126213592233,0.8691588785046729,0.46401262289112766
60,9,0.8695652173913043,0.9029126213592233,0.8691588785046729,0.46401262289112766
190,19,0.8695652173913043,0.8878504672897196,0.8878504672897196,0.46401262289112766
60,14,0.8695652173913043,0.9029126213592233,0.8691588785046729,0.46401262289112766
60,15,0.8695652173913043,0.9029126213592233,0.8691588785046729,0.46401262289112766
190,20,0.8695652173913043,0.8878504672897196,0.8878504672897196,0.46401262289112766
120,13,0.8695652173913043,0.8952380952380953,0.8785046728971962,0.46401262289112766
190,18,0.8695652173913043,0.8878504672897196,0.8878504672897196,0.46401262289112766
270,11,0.8695652173913043,0.8952380952380953,0.8785046728971962,0.46401262289112766
110,11,0.8695652173913043,0.8878504672897196,0.8878504672897196,0.46401262289112766
100,11,0.8695652173913043,0.8878504672897196,0.8878504672897196,0.46401262289112766
230,13,0.8695652173913043,0.8952380952380953,0.8785046728971962,0.46401262289112766
260,11,0.8695652173913043,0.8952380952380953,0.8785046728971962,0.46401262289112766
250,11,0.8695652173913043,0.8878504672897196,0.8878504672897196,0.46401262289112766
50,6,0.8695652173913043,0.9029126213592233,0.8691588785046729,0.46401262289112766
180,11,0.8695652173913043,0.8952380952380953,0.8785046728971962,0.46401262289112766
180,12,0.8695652173913043,0.8952380952380953,0.8785046728971962,0.46401262289112766
150,15,0.8695652173913043,0.8878504672897196,0.8878504672897196,0.46401262289112766
180,14,0.8695652173913043,0.8952380952380953,0.8785046728971962,0.46401262289112766
180,16,0.8695652173913043,0.8952380952380953,0.8785046728971962,0.46401262289112766
180,17,0.8695652173913043,0.8952380952380953,0.8785046728971962,0.46401262289112766
190,17,0.8695652173913043,0.8878504672897196,0.8878504672897196,0.46401262289112766
270,9,0.8695652173913043,0.8952380952380953,0.8785046728971962,0.46401262289112766
220,9,0.8695652173913043,0.8952380952380953,0.8785046728971962,0.46401262289112766
80,13,0.8695652173913043,0.9029126213592233,0.8691588785046729,0.46401262289112766
190,13,0.8695652173913043,0.8952380952380953,0.8785046728971962,0.46401262289112766
190,12,0.8695652173913043,0.8952380952380953,0.8785046728971962,0.46401262289112766
80,16,0.8695652173913043,0.9029126213592233,0.8691588785046729,0.46401262289112766
190,11,0.8695652173913043,0.8952380952380953,0.8785046728971962,0.46401262289112766
80,14,0.8695652173913043,0.8952380952380953,0.8785046728971962,0.46401262289112766
230,5,0.8641304347826086,0.8942307692307693,0.8691588785046729,0.4416798155115913
80,11,0.8641304347826086,0.8942307692307693,0.8691588785046729,0.4416798155115913
180,29,0.8641304347826086,0.8867924528301887,0.8785046728971962,0.4416798155115913
240,5,0.8641304347826086,0.8942307692307693,0.8691588785046729,0.4416798155115913
180,30,0.8641304347826086,0.8867924528301887,0.8785046728971962,0.4416798155115913
180,26,0.8641304347826086,0.8867924528301887,0.8785046728971962,0.4416798155115913
220,5,0.8641304347826086,0.8942307692307693,0.8691588785046729,0.4416798155115913
150,11,0.8641304347826086,0.8942307692307693,0.8691588785046729,0.4416798155115913
50,15,0.8641304347826086,0.9019607843137255,0.8598130841121495,0.4416798155115913
50,14,0.8641304347826086,0.9019607843137255,0.8598130841121495,0.4416798155115913
50,11,0.8641304347826086,0.9019607843137255,0.8598130841121495,0.4416798155115913
170,15,0.8641304347826086,0.8867924528301887,0.8785046728971962,0.4416798155115913
250,5,0.8641304347826086,0.8942307692307693,0.8691588785046729,0.4416798155115913
180,15,0.8641304347826086,0.8867924528301887,0.8785046728971962,0.4416798155115913
200,5,0.8641304347826086,0.8942307692307693,0.8691588785046729,0.4416798155115913
180,23,0.8641304347826086,0.8867924528301887,0.8785046728971962,0.4416798155115913
180,27,0.8641304347826086,0.8867924528301887,0.8785046728971962,0.4416798155115913
210,5,0.8641304347826086,0.8942307692307693,0.8691588785046729,0.4416798155115913
180,25,0.8641304347826086,0.8867924528301887,0.8785046728971962,0.4416798155115913
290,5,0.8641304347826086,0.8942307692307693,0.8691588785046729,0.4416798155115913
180,28,0.8641304347826086,0.8867924528301887,0.8785046728971962,0.4416798155115913
180,24,0.8641304347826086,0.8867924528301887,0.8785046728971962,0.4416798155115913
180,22,0.8641304347826086,0.8867924528301887,0.8785046728971962,0.4416798155115913
90,6,0.8641304347826086,0.8942307692307693,0.8691588785046729,0.4416798155115913
160,11,0.8641304347826086,0.8867924528301887,0.8785046728971962,0.4416798155115913
180,20,0.8641304347826086,0.8867924528301887,0.8785046728971962,0.4416798155115913
180,19,0.8641304347826086,0.8867924528301887,0.8785046728971962,0.4416798155115913
180,18,0.8641304347826086,0.8867924528301887,0.8785046728971962,0.4416798155115913
60,6,0.8641304347826086,0.8942307692307693,0.8691588785046729,0.4416798155115913
80,15,0.8641304347826086,0.8942307692307693,0.8691588785046729,0.4416798155115913
180,21,0.8641304347826086,0.8867924528301887,0.8785046728971962,0.4416798155115913
50,5,0.8586956521739131,0.8932038834951457,0.8598130841121495,0.41934700813205494
300,5,0.8586956521739131,0.8932038834951457,0.8598130841121495,0.41934700813205494
130,5,0.8586956521739131,0.8932038834951457,0.8598130841121495,0.41934700813205494
60,5,0.8586956521739131,0.8932038834951457,0.8598130841121495,0.41934700813205494
70,5,0.8586956521739131,0.8932038834951457,0.8598130841121495,0.41934700813205494
80,5,0.8586956521739131,0.8932038834951457,0.8598130841121495,0.41934700813205494
90,5,0.8586956521739131,0.8932038834951457,0.8598130841121495,0.41934700813205494
100,5,0.8586956521739131,0.8932038834951457,0.8598130841121495,0.41934700813205494
110,5,0.8586956521739131,0.8932038834951457,0.8598130841121495,0.41934700813205494
120,5,0.8586956521739131,0.8932038834951457,0.8598130841121495,0.41934700813205494
140,5,0.8586956521739131,0.8932038834951457,0.8598130841121495,0.41934700813205494
280,5,0.8586956521739131,0.8932038834951457,0.8598130841121495,0.41934700813205494
150,5,0.8586956521739131,0.8932038834951457,0.8598130841121495,0.41934700813205494
160,5,0.8586956521739131,0.8932038834951457,0.8598130841121495,0.41934700813205494
170,5,0.8586956521739131,0.8932038834951457,0.8598130841121495,0.41934700813205494
170,11,0.8586956521739131,0.8857142857142857,0.8691588785046729,0.41934700813205494
190,5,0.8586956521739131,0.8932038834951457,0.8598130841121495,0.41934700813205494
260,5,0.8586956521739131,0.8932038834951457,0.8598130841121495,0.41934700813205494
270,5,0.8586956521739131,0.8932038834951457,0.8598130841121495,0.41934700813205494
180,5,0.8586956521739131,0.8932038834951457,0.8598130841121495,0.41934700813205494
